{
	"title": "Alphabet Inc",
	"panels": [
		{
			"subTitle": "Position",
			"grid": {
				"headers": ["", "Adjusted Quantity", "Market Value"],
				"data": [
					{
						"position": "Stock",
						"adjustedQuantity": "41,000,000",
						"marketValue": "$2,602,270,000"
					}
				]
			}
		},
		{
			"subTitle": "Exposure",
			"grid": {
				"headers": ["", ""],
				"data": [
					{
						"exposureType": "Long Exposure",
						"exposureAmt": "$2,602,270,000"
					},
					{
						"exposureType": "Short Exposure",
						"exposureAmt": "$0"
					}
				]
			}
		},
		{
			"subTitle": "PnL",
			"grid": {
				"headers": ["", ""],
				"data": [
					{
						"pnlType": "PnL Today",
						"pnlAmt": "-$15,170,000"
					},
					{
						"pnlType": "PnL MTD",
						"pnlAmt": "$29,520,000"
					},
					{
						"pnlType": "PnL YTD",
						"pnlAmt": "$896,519,917"
					}
				]
			}
		},
		{
			"subTitle": "Instrument Breakdown",
			"grid": {
				"headers": ["", "Quantity", "Market Value"],
				"data": [
					{
						"instrument": "BAX US Equity",
						"quantity": "41,000,000",
						"marketValue": "$2,602,270,000"
					}
				]
			}
		}		
	]
}