{
	"headers": [
		"",
		"Last 7 Days",
		"Vs. Prev. Day",
		"Z Score"
	],
	"data": [
		{
			"metric": "PnL",
            "last7Days": {
				"chartType": "bar",
				"data": {
					"params": { "stackBars": true },
					"labels": ["2017-09-19", "2017-09-20", "2017-09-21", "2017-09-22", "2017-09-25", "2017-09-26", "2017-09-27"],
					"series": [
						[38738644.437, 31189020.3795, 0, 0, 0, 0, 8520770.07429999],
						[0, 0, -34875232.6825, -11016057.7335, -112281113.5493, -13200980.6863, 0]
					]
				}
			},
			"vsPrevDay": "",
			"zScore": {
				"chartType": "bar",
				"data": {
					"params": { "horizontalBars": true, "stackBars": true, "low": -200, "high": 200 },
					"labels": [],
					"series": [
						[0],
						[0],
						[60]
					]
				}
			}
		},
		{
			"metric": "VaR",
            "last7Days": {
				"chartType": "bar",
				"data": {
					"params": { "stackBars": true },
					"labels": ["2017-09-19", "2017-09-20", "2017-09-21", "2017-09-22", "2017-09-25", "2017-09-26", "2017-09-27"],
					"series": [
						[0, 0, 0.1175549387749539385, 0.12698541308738864, 0, 0, 0],
						[-0.018546998447806377, -0.0505670537792608, 0, 0, -0.028835033100910682, -0.0326394481291204, -0.0326394481291204]
					]
				}
			},
			"vsPrevDay": "",
			"zScore": {
				"chartType": "bar",
				"data": {
					"params": { "horizontalBars": true, "stackBars": true, "low": -200, "high": 200 },
					"labels": [],
					"series": [
						[0],
						[0],
						[-20]
					]
				}
			}
		},
		{
			"metric": "Return",
            "last7Days": {
				"chartType": "bar",
				"data": {
					"params": { "stackBars": true },
					"labels": ["2017-09-19", "2017-09-20", "2017-09-21", "2017-09-22", "2017-09-25", "2017-09-26", "2017-09-27"],
					"series": [
						[0.012769805334912987, 0.010211293358605027, 0, 0, 0, 0, 0.0029215062014367296],
						[0, 0, -0.011081709503647477, -0.0037304710670386402, -0.036617470732652285, -0.004526558760328709, 0]
					]
				}
			},
			"vsPrevDay": "",
			"zScore": {
				"chartType": "bar",
				"data": {
					"params": { "horizontalBars": true, "stackBars": true, "low": -200, "high": 200 },
					"labels": [],
					"series": [
						[0],
						[0],
						[30]
					]
				}
			}
		},
		{
			"metric": "Beta return",
            "last7Days": {
				"chartType": "bar",
				"data": {
					"params": { "stackBars": true },
					"labels": ["2017-09-19", "2017-09-20", "2017-09-21", "2017-09-22", "2017-09-25", "2017-09-26", "2017-09-27"],
					"series": [
						[0.011691244742570123, 0.006385911325065232, 0, 0.008214844144212767, 0, 0, 0.02969575011099304],
						[0, 0, -0.015632940091589623, 0, -0.01385449734730461, -0.000022909212687787697, 0]
					]
				}
			},
			"vsPrevDay": "",
			"zScore": {
				"chartType": "bar",
				"data": {
					"params": { "horizontalBars": true, "stackBars": true, "low": -200, "high": 200 },
					"labels": [],
					"series": [
						[0],
						[0],
						[20]
					]
				}
			}
		},
		{
			"metric": "Alpha return",
            "last7Days": {
				"chartType": "bar",
				"data": {
					"params": { "stackBars": true },
					"labels": ["2017-09-19", "2017-09-20", "2017-09-21", "2017-09-22", "2017-09-25", "2017-09-26", "2017-09-27"],
					"series": [
						[0.014119484310320675, 0.014986801755115726, 0, 0, 0, 0, 0],
						[0, 0, -0.005448216075198242, -0.018364915449886648, -0.06525995149217746, -0.010505115786634982, -0.032997598271522016]
					]
				}
			},
			"vsPrevDay": "",
			"zScore": {
				"chartType": "bar",
				"data": {
					"params": { "horizontalBars": true, "stackBars": true, "low": -200, "high": 200 },
					"labels": [],
					"series": [
						[0],
						[0],
						[-20]
					]
				}
			}
		}
	]
}