{
	"data": [
		{
			"chartType": "line",
			"data": {
				"params": { "detailed": true, "xTitle": "NAV % bins (bps)", "yTitle": "Positions (Count)" },
				"labels": [50, 150, 250, 350, 450, 550],
				"series": [
					{
						"name": "28 Days Ago",
						"data": [70, 25, 3, 2, 0, 5]
					},
					{
						"name": "21 Days Ago",
						"data": [68, 26, 3, 2, 0, 5]
					},
					{
						"name": "14 Days Ago",
						"data": [67, 26, 3, 3, 0, 5]
					},
					{
						"name": "7 Days Ago",
						"data": [78, 25, 3, 1, 1, 5]
					},
					{
						"name": "Current",
						"data": [69, 25, 3, 1, 1, 5]
					}
				]
			}
		}
	]
}