{
	"headers": [
		"",
		"Exposure (% of NAV)",
		"",
		"Daily Return %",
		"Z Score",
		"Vs. Target"
	],
	"data": [
		{
			"equity": "Baxter International Inc",
			"exposure": 16.3,
			"exposureChart": {
				"chartType": "bar",
				"data": {
					"params": { "horizontalBars": true, "high": 20 },
					"labels": [],
					"series": [[16.3]]
				}
			},
			"dailyReturn": "",
			"zScore": {
				"chartType": "bar",
				"data": {
					"params": { "horizontalBars": true, "stackBars": true, "low": -200, "high": 200 },
					"labels": [],
					"series": [
						[0],
						[0],
						[20]
					]
				}
			},
			"vsTarget": {
				"chartType": "bar",
				"data": {
					"params": { "horizontalBars": true, "stackBars": true, "low": -200, "high": 200 },
					"labels": [],
					"series": [
						[50],
						[30],
						[30]
					]
				}
			}
		},
		{
			"equity": "Nestle SA",
			"exposure": 10.8,
			"exposureChart": {
				"chartType": "bar",
				"data": {
					"params": { "horizontalBars": true, "high": 20 },
					"labels": [],
					"series": [[10.8]]
				}
			},
			"dailyReturn": "",
			"zScore": {
				"chartType": "bar",
				"data": {
					"params": { "horizontalBars": true, "stackBars": true, "low": -200, "high": 200 },
					"labels": [],
					"series": [
						[0],
						[0],
						[30]
					]
				}
			},
			"vsTarget": {
				"chartType": "bar",
				"data": {
					"params": { "horizontalBars": true, "stackBars": true, "low": -200, "high": 200 },
					"labels": [],
					"series": [
						[-20],
						[-20],
						[-100]
					]
				}
			}
		},
		{
			"equity": "Dow Chemical Company",
			"exposure": 6.8,
			"exposureChart": {
				"chartType": "bar",
				"data": {
					"params": { "horizontalBars": true, "high": 20 },
					"labels": [],
					"series": [[6.8]]
				}
			},
			"dailyReturn": "",
			"zScore": {
				"chartType": "bar",
				"data": {
					"params": { "horizontalBars": true, "stackBars": true, "low": -200, "high": 200 },
					"labels": [],
					"series": [
						[30],
						[30],
						[60]
					]
				}
			},
			"vsTarget": {
				"chartType": "bar",
				"data": {
					"params": { "horizontalBars": true, "stackBars": true, "low": -200, "high": 200 },
					"labels": [],
					"series": [
						[0],
						[0],
						[20]
					]
				}
			}
		},
		{
			"equity": "Honeywell International Inc",
			"exposure": 5.2,
			"exposureChart": {
				"chartType": "bar",
				"data": {
					"params": { "horizontalBars": true, "high": 20 },
					"labels": [],
					"series": [[5.2]]
				}
			},
			"dailyReturn": "",
			"zScore": {
				"chartType": "bar",
				"data": {
					"params": { "horizontalBars": true, "stackBars": true, "low": -200, "high": 200 },
					"labels": [],
					"series": [
						[0],
						[0],
						[-20]
					]
				}
			},
			"vsTarget": {
				"chartType": "bar",
				"data": {
					"params": { "horizontalBars": true, "stackBars": true, "low": -200, "high": 200 },
					"labels": [],
					"series": [
						[-50],
						[-50],
						[-50]
					]
				}
			}
		},
		{
			"equity": "Republic of Argentina",
			"exposure": 4.7,
			"exposureChart": {
				"chartType": "bar",
				"data": {
					"params": { "horizontalBars": true, "high": 20 },
					"labels": [],
					"series": [[4.7]]
				}
			},
			"dailyReturn": "",
			"zScore": {
				"chartType": "bar",
				"data": {
					"params": { "horizontalBars": true, "stackBars": true, "low": -200, "high": 200 },
					"labels": [],
					"series": [
						[0],
						[-30],
						[-20]
					]
				}
			},
			"vsTarget": {
				"chartType": "bar",
				"data": {
					"params": { "horizontalBars": true, "stackBars": true, "low": -200, "high": 200 },
					"labels": [],
					"series": [
						[20],
						[10],
						[10]
					]
				}
			}
		},
		{
			"equity": "Constellation Brands Inc",
			"exposure": 3.3,
			"exposureChart": {
				"chartType": "bar",
				"data": {
					"params": { "horizontalBars": true, "high": 20 },
					"labels": [],
					"series": [[3.3]]
				}
			},
			"dailyReturn": "",
			"zScore": {
				"chartType": "bar",
				"data": {
					"params": { "horizontalBars": true, "stackBars": true, "low": -200, "high": 200 },
					"labels": [],
					"series": [
						[0],
						[0],
						[-20]
					]
				}
			},
			"vsTarget": {
				"chartType": "bar",
				"data": {
					"params": { "horizontalBars": true, "stackBars": true, "low": -200, "high": 200 },
					"labels": [],
					"series": [
						[20],
						[10],
						[10]
					]
				}
			}
		},
		{
			"equity": "Alphabet Inc",
			"exposure": 3.2,
			"exposureChart": {
				"chartType": "bar",
				"data": {
					"params": { "horizontalBars": true, "high": 20 },
					"labels": [],
					"series": [[3.2]]
				}
			},
			"dailyReturn": "",
			"zScore": {
				"chartType": "bar",
				"data": {
					"params": { "horizontalBars": true, "stackBars": true, "low": -200, "high": 200 },
					"labels": [],
					"series": [
						[0],
						[0],
						[-30]
					]
				}
			},
			"vsTarget": {
				"chartType": "bar",
				"data": {
					"params": { "horizontalBars": true, "stackBars": true, "low": -200, "high": 200 },
					"labels": [],
					"series": [
						[20],
						[10],
						[10]
					]
				}
			}
		},
		{
			"equity": "Facebook Inc",
			"exposure": 2.9,
			"exposureChart": {
				"chartType": "bar",
				"data": {
					"params": { "horizontalBars": true, "high": 20 },
					"labels": [],
					"series": [[2.9]]
				}
			},
			"dailyReturn": "",
			"zScore": {
				"chartType": "bar",
				"data": {
					"params": { "horizontalBars": true, "stackBars": true, "low": -200, "high": 200 },
					"labels": [],
					"series": [
						[0],
						[-60],
						[-60]
					]
				}
			},
			"vsTarget": {
				"chartType": "bar",
				"data": {
					"params": { "horizontalBars": true, "stackBars": true, "low": -200, "high": 200 },
					"labels": [],
					"series": [
						[20],
						[10],
						[10]
					]
				}
			}
		},
		{
			"equity": "T-Mobile US Inc",
			"exposure": 2.6,
			"exposureChart": {
				"chartType": "bar",
				"data": {
					"params": { "horizontalBars": true, "high": 20 },
					"labels": [],
					"series": [[2.6]]
				}
			},
			"dailyReturn": "",
			"zScore": {
				"chartType": "bar",
				"data": {
					"params": { "horizontalBars": true, "stackBars": true, "low": -200, "high": 200 },
					"labels": [],
					"series": [
						[60],
						[50],
						[20]
					]
				}
			},
			"vsTarget": {
				"chartType": "bar",
				"data": {
					"params": { "horizontalBars": true, "stackBars": true, "low": -200, "high": 200 },
					"labels": [],
					"series": [
						[60],
						[60],
						[30]
					]
				}
			}
		},
		{
			"equity": "Unicredit Spa",
			"exposure": 2.3,
			"exposureChart": {
				"chartType": "bar",
				"data": {
					"params": { "horizontalBars": true, "high": 20 },
					"labels": [],
					"series": [[2.3]]
				}
			},
			"dailyReturn": "",
			"zScore": {
				"chartType": "bar",
				"data": {
					"params": { "horizontalBars": true, "stackBars": true, "low": -200, "high": 200 },
					"labels": [],
					"series": [
						[0],
						[0],
						[20]
					]
				}
			},
			"vsTarget": {
				"chartType": "bar",
				"data": {
					"params": { "horizontalBars": true, "stackBars": true, "low": -200, "high": 200 },
					"labels": [],
					"series": [
						[20],
						[60],
						[60]
					]
				}
			}
		},
		{
			"equity": "T-Mobile US Inc",
			"exposure": 2.6,
			"exposureChart": {
				"chartType": "bar",
				"data": {
					"params": { "horizontalBars": true, "high": 20 },
					"labels": [],
					"series": [[2.6]]
				}
			},
			"dailyReturn": "",
			"zScore": {
				"chartType": "bar",
				"data": {
					"params": { "horizontalBars": true, "stackBars": true, "low": -200, "high": 200 },
					"labels": [],
					"series": [
						[60],
						[50],
						[20]
					]
				}
			},
			"vsTarget": {
				"chartType": "bar",
				"data": {
					"params": { "horizontalBars": true, "stackBars": true, "low": -200, "high": 200 },
					"labels": [],
					"series": [
						[60],
						[60],
						[30]
					]
				}
			}
		},
		{
			"equity": "Unicredit Spa",
			"exposure": 2.3,
			"exposureChart": {
				"chartType": "bar",
				"data": {
					"params": { "horizontalBars": true, "high": 20 },
					"labels": [],
					"series": [[2.3]]
				}
			},
			"dailyReturn": "",
			"zScore": {
				"chartType": "bar",
				"data": {
					"params": { "horizontalBars": true, "stackBars": true, "low": -200, "high": 200 },
					"labels": [],
					"series": [
						[0],
						[0],
						[20]
					]
				}
			},
			"vsTarget": {
				"chartType": "bar",
				"data": {
					"params": { "horizontalBars": true, "stackBars": true, "low": -200, "high": 200 },
					"labels": [],
					"series": [
						[20],
						[60],
						[60]
					]
				}
			}
		},
		{
			"equity": "T-Mobile US Inc",
			"exposure": 2.6,
			"exposureChart": {
				"chartType": "bar",
				"data": {
					"params": { "horizontalBars": true, "high": 20 },
					"labels": [],
					"series": [[2.6]]
				}
			},
			"dailyReturn": "",
			"zScore": {
				"chartType": "bar",
				"data": {
					"params": { "horizontalBars": true, "stackBars": true, "low": -200, "high": 200 },
					"labels": [],
					"series": [
						[60],
						[50],
						[20]
					]
				}
			},
			"vsTarget": {
				"chartType": "bar",
				"data": {
					"params": { "horizontalBars": true, "stackBars": true, "low": -200, "high": 200 },
					"labels": [],
					"series": [
						[60],
						[60],
						[30]
					]
				}
			}
		},
		{
			"equity": "Unicredit Spa",
			"exposure": 2.3,
			"exposureChart": {
				"chartType": "bar",
				"data": {
					"params": { "horizontalBars": true, "high": 20 },
					"labels": [],
					"series": [[2.3]]
				}
			},
			"dailyReturn": "",
			"zScore": {
				"chartType": "bar",
				"data": {
					"params": { "horizontalBars": true, "stackBars": true, "low": -200, "high": 200 },
					"labels": [],
					"series": [
						[0],
						[0],
						[20]
					]
				}
			},
			"vsTarget": {
				"chartType": "bar",
				"data": {
					"params": { "horizontalBars": true, "stackBars": true, "low": -200, "high": 200 },
					"labels": [],
					"series": [
						[20],
						[60],
						[60]
					]
				}
			}
		},
		{
			"equity": "T-Mobile US Inc",
			"exposure": 2.6,
			"exposureChart": {
				"chartType": "bar",
				"data": {
					"params": { "horizontalBars": true, "high": 20 },
					"labels": [],
					"series": [[2.6]]
				}
			},
			"dailyReturn": "",
			"zScore": {
				"chartType": "bar",
				"data": {
					"params": { "horizontalBars": true, "stackBars": true, "low": -200, "high": 200 },
					"labels": [],
					"series": [
						[60],
						[50],
						[20]
					]
				}
			},
			"vsTarget": {
				"chartType": "bar",
				"data": {
					"params": { "horizontalBars": true, "stackBars": true, "low": -200, "high": 200 },
					"labels": [],
					"series": [
						[60],
						[60],
						[30]
					]
				}
			}
		},
		{
			"equity": "Unicredit Spa",
			"exposure": 2.3,
			"exposureChart": {
				"chartType": "bar",
				"data": {
					"params": { "horizontalBars": true, "high": 20 },
					"labels": [],
					"series": [[2.3]]
				}
			},
			"dailyReturn": "",
			"zScore": {
				"chartType": "bar",
				"data": {
					"params": { "horizontalBars": true, "stackBars": true, "low": -200, "high": 200 },
					"labels": [],
					"series": [
						[0],
						[0],
						[20]
					]
				}
			},
			"vsTarget": {
				"chartType": "bar",
				"data": {
					"params": { "horizontalBars": true, "stackBars": true, "low": -200, "high": 200 },
					"labels": [],
					"series": [
						[20],
						[60],
						[60]
					]
				}
			}
		},
		{
			"equity": "T-Mobile US Inc",
			"exposure": 2.6,
			"exposureChart": {
				"chartType": "bar",
				"data": {
					"params": { "horizontalBars": true, "high": 20 },
					"labels": [],
					"series": [[2.6]]
				}
			},
			"dailyReturn": "",
			"zScore": {
				"chartType": "bar",
				"data": {
					"params": { "horizontalBars": true, "stackBars": true, "low": -200, "high": 200 },
					"labels": [],
					"series": [
						[60],
						[50],
						[20]
					]
				}
			},
			"vsTarget": {
				"chartType": "bar",
				"data": {
					"params": { "horizontalBars": true, "stackBars": true, "low": -200, "high": 200 },
					"labels": [],
					"series": [
						[60],
						[60],
						[30]
					]
				}
			}
		},
		{
			"equity": "Unicredit Spa",
			"exposure": 2.3,
			"exposureChart": {
				"chartType": "bar",
				"data": {
					"params": { "horizontalBars": true, "high": 20 },
					"labels": [],
					"series": [[2.3]]
				}
			},
			"dailyReturn": "",
			"zScore": {
				"chartType": "bar",
				"data": {
					"params": { "horizontalBars": true, "stackBars": true, "low": -200, "high": 200 },
					"labels": [],
					"series": [
						[0],
						[0],
						[20]
					]
				}
			},
			"vsTarget": {
				"chartType": "bar",
				"data": {
					"params": { "horizontalBars": true, "stackBars": true, "low": -200, "high": 200 },
					"labels": [],
					"series": [
						[20],
						[60],
						[60]
					]
				}
			}
		},
		{
			"equity": "T-Mobile US Inc",
			"exposure": 2.6,
			"exposureChart": {
				"chartType": "bar",
				"data": {
					"params": { "horizontalBars": true, "high": 20 },
					"labels": [],
					"series": [[2.6]]
				}
			},
			"dailyReturn": "",
			"zScore": {
				"chartType": "bar",
				"data": {
					"params": { "horizontalBars": true, "stackBars": true, "low": -200, "high": 200 },
					"labels": [],
					"series": [
						[60],
						[50],
						[20]
					]
				}
			},
			"vsTarget": {
				"chartType": "bar",
				"data": {
					"params": { "horizontalBars": true, "stackBars": true, "low": -200, "high": 200 },
					"labels": [],
					"series": [
						[60],
						[60],
						[30]
					]
				}
			}
		},
		{
			"equity": "Unicredit Spa",
			"exposure": 2.3,
			"exposureChart": {
				"chartType": "bar",
				"data": {
					"params": { "horizontalBars": true, "high": 20 },
					"labels": [],
					"series": [[2.3]]
				}
			},
			"dailyReturn": "",
			"zScore": {
				"chartType": "bar",
				"data": {
					"params": { "horizontalBars": true, "stackBars": true, "low": -200, "high": 200 },
					"labels": [],
					"series": [
						[0],
						[0],
						[20]
					]
				}
			},
			"vsTarget": {
				"chartType": "bar",
				"data": {
					"params": { "horizontalBars": true, "stackBars": true, "low": -200, "high": 200 },
					"labels": [],
					"series": [
						[20],
						[60],
						[60]
					]
				}
			}
		},
		{
			"equity": "T-Mobile US Inc",
			"exposure": 2.6,
			"exposureChart": {
				"chartType": "bar",
				"data": {
					"params": { "horizontalBars": true, "high": 20 },
					"labels": [],
					"series": [[2.6]]
				}
			},
			"dailyReturn": "",
			"zScore": {
				"chartType": "bar",
				"data": {
					"params": { "horizontalBars": true, "stackBars": true, "low": -200, "high": 200 },
					"labels": [],
					"series": [
						[60],
						[50],
						[20]
					]
				}
			},
			"vsTarget": {
				"chartType": "bar",
				"data": {
					"params": { "horizontalBars": true, "stackBars": true, "low": -200, "high": 200 },
					"labels": [],
					"series": [
						[60],
						[60],
						[30]
					]
				}
			}
		},
		{
			"equity": "Unicredit Spa",
			"exposure": 2.3,
			"exposureChart": {
				"chartType": "bar",
				"data": {
					"params": { "horizontalBars": true, "high": 20 },
					"labels": [],
					"series": [[2.3]]
				}
			},
			"dailyReturn": "",
			"zScore": {
				"chartType": "bar",
				"data": {
					"params": { "horizontalBars": true, "stackBars": true, "low": -200, "high": 200 },
					"labels": [],
					"series": [
						[0],
						[0],
						[20]
					]
				}
			},
			"vsTarget": {
				"chartType": "bar",
				"data": {
					"params": { "horizontalBars": true, "stackBars": true, "low": -200, "high": 200 },
					"labels": [],
					"series": [
						[20],
						[60],
						[60]
					]
				}
			}
		},
		{
			"equity": "T-Mobile US Inc",
			"exposure": 2.6,
			"exposureChart": {
				"chartType": "bar",
				"data": {
					"params": { "horizontalBars": true, "high": 20 },
					"labels": [],
					"series": [[2.6]]
				}
			},
			"dailyReturn": "",
			"zScore": {
				"chartType": "bar",
				"data": {
					"params": { "horizontalBars": true, "stackBars": true, "low": -200, "high": 200 },
					"labels": [],
					"series": [
						[60],
						[50],
						[20]
					]
				}
			},
			"vsTarget": {
				"chartType": "bar",
				"data": {
					"params": { "horizontalBars": true, "stackBars": true, "low": -200, "high": 200 },
					"labels": [],
					"series": [
						[60],
						[60],
						[30]
					]
				}
			}
		},
		{
			"equity": "Unicredit Spa",
			"exposure": 2.3,
			"exposureChart": {
				"chartType": "bar",
				"data": {
					"params": { "horizontalBars": true, "high": 20 },
					"labels": [],
					"series": [[2.3]]
				}
			},
			"dailyReturn": "",
			"zScore": {
				"chartType": "bar",
				"data": {
					"params": { "horizontalBars": true, "stackBars": true, "low": -200, "high": 200 },
					"labels": [],
					"series": [
						[0],
						[0],
						[20]
					]
				}
			},
			"vsTarget": {
				"chartType": "bar",
				"data": {
					"params": { "horizontalBars": true, "stackBars": true, "low": -200, "high": 200 },
					"labels": [],
					"series": [
						[20],
						[60],
						[60]
					]
				}
			}
		},
		{
			"equity": "T-Mobile US Inc",
			"exposure": 2.6,
			"exposureChart": {
				"chartType": "bar",
				"data": {
					"params": { "horizontalBars": true, "high": 20 },
					"labels": [],
					"series": [[2.6]]
				}
			},
			"dailyReturn": "",
			"zScore": {
				"chartType": "bar",
				"data": {
					"params": { "horizontalBars": true, "stackBars": true, "low": -200, "high": 200 },
					"labels": [],
					"series": [
						[60],
						[50],
						[20]
					]
				}
			},
			"vsTarget": {
				"chartType": "bar",
				"data": {
					"params": { "horizontalBars": true, "stackBars": true, "low": -200, "high": 200 },
					"labels": [],
					"series": [
						[60],
						[60],
						[30]
					]
				}
			}
		},
		{
			"equity": "Unicredit Spa",
			"exposure": 2.3,
			"exposureChart": {
				"chartType": "bar",
				"data": {
					"params": { "horizontalBars": true, "high": 20 },
					"labels": [],
					"series": [[2.3]]
				}
			},
			"dailyReturn": "",
			"zScore": {
				"chartType": "bar",
				"data": {
					"params": { "horizontalBars": true, "stackBars": true, "low": -200, "high": 200 },
					"labels": [],
					"series": [
						[0],
						[0],
						[20]
					]
				}
			},
			"vsTarget": {
				"chartType": "bar",
				"data": {
					"params": { "horizontalBars": true, "stackBars": true, "low": -200, "high": 200 },
					"labels": [],
					"series": [
						[20],
						[60],
						[60]
					]
				}
			}
		},
		{
			"equity": "T-Mobile US Inc",
			"exposure": 2.6,
			"exposureChart": {
				"chartType": "bar",
				"data": {
					"params": { "horizontalBars": true, "high": 20 },
					"labels": [],
					"series": [[2.6]]
				}
			},
			"dailyReturn": "",
			"zScore": {
				"chartType": "bar",
				"data": {
					"params": { "horizontalBars": true, "stackBars": true, "low": -200, "high": 200 },
					"labels": [],
					"series": [
						[60],
						[50],
						[20]
					]
				}
			},
			"vsTarget": {
				"chartType": "bar",
				"data": {
					"params": { "horizontalBars": true, "stackBars": true, "low": -200, "high": 200 },
					"labels": [],
					"series": [
						[60],
						[60],
						[30]
					]
				}
			}
		},
		{
			"equity": "Unicredit Spa",
			"exposure": 2.3,
			"exposureChart": {
				"chartType": "bar",
				"data": {
					"params": { "horizontalBars": true, "high": 20 },
					"labels": [],
					"series": [[2.3]]
				}
			},
			"dailyReturn": "",
			"zScore": {
				"chartType": "bar",
				"data": {
					"params": { "horizontalBars": true, "stackBars": true, "low": -200, "high": 200 },
					"labels": [],
					"series": [
						[0],
						[0],
						[20]
					]
				}
			},
			"vsTarget": {
				"chartType": "bar",
				"data": {
					"params": { "horizontalBars": true, "stackBars": true, "low": -200, "high": 200 },
					"labels": [],
					"series": [
						[20],
						[60],
						[60]
					]
				}
			}
		},
		{
			"equity": "T-Mobile US Inc",
			"exposure": 2.6,
			"exposureChart": {
				"chartType": "bar",
				"data": {
					"params": { "horizontalBars": true, "high": 20 },
					"labels": [],
					"series": [[2.6]]
				}
			},
			"dailyReturn": "",
			"zScore": {
				"chartType": "bar",
				"data": {
					"params": { "horizontalBars": true, "stackBars": true, "low": -200, "high": 200 },
					"labels": [],
					"series": [
						[60],
						[50],
						[20]
					]
				}
			},
			"vsTarget": {
				"chartType": "bar",
				"data": {
					"params": { "horizontalBars": true, "stackBars": true, "low": -200, "high": 200 },
					"labels": [],
					"series": [
						[60],
						[60],
						[30]
					]
				}
			}
		},
		{
			"equity": "Unicredit Spa",
			"exposure": 2.3,
			"exposureChart": {
				"chartType": "bar",
				"data": {
					"params": { "horizontalBars": true, "high": 20 },
					"labels": [],
					"series": [[2.3]]
				}
			},
			"dailyReturn": "",
			"zScore": {
				"chartType": "bar",
				"data": {
					"params": { "horizontalBars": true, "stackBars": true, "low": -200, "high": 200 },
					"labels": [],
					"series": [
						[0],
						[0],
						[20]
					]
				}
			},
			"vsTarget": {
				"chartType": "bar",
				"data": {
					"params": { "horizontalBars": true, "stackBars": true, "low": -200, "high": 200 },
					"labels": [],
					"series": [
						[20],
						[60],
						[60]
					]
				}
			}
		},
		{
			"equity": "T-Mobile US Inc",
			"exposure": 2.6,
			"exposureChart": {
				"chartType": "bar",
				"data": {
					"params": { "horizontalBars": true, "high": 20 },
					"labels": [],
					"series": [[2.6]]
				}
			},
			"dailyReturn": "",
			"zScore": {
				"chartType": "bar",
				"data": {
					"params": { "horizontalBars": true, "stackBars": true, "low": -200, "high": 200 },
					"labels": [],
					"series": [
						[60],
						[50],
						[20]
					]
				}
			},
			"vsTarget": {
				"chartType": "bar",
				"data": {
					"params": { "horizontalBars": true, "stackBars": true, "low": -200, "high": 200 },
					"labels": [],
					"series": [
						[60],
						[60],
						[30]
					]
				}
			}
		},
		{
			"equity": "Unicredit Spa",
			"exposure": 2.3,
			"exposureChart": {
				"chartType": "bar",
				"data": {
					"params": { "horizontalBars": true, "high": 20 },
					"labels": [],
					"series": [[2.3]]
				}
			},
			"dailyReturn": "",
			"zScore": {
				"chartType": "bar",
				"data": {
					"params": { "horizontalBars": true, "stackBars": true, "low": -200, "high": 200 },
					"labels": [],
					"series": [
						[0],
						[0],
						[20]
					]
				}
			},
			"vsTarget": {
				"chartType": "bar",
				"data": {
					"params": { "horizontalBars": true, "stackBars": true, "low": -200, "high": 200 },
					"labels": [],
					"series": [
						[20],
						[60],
						[60]
					]
				}
			}
		},
		{
			"equity": "T-Mobile US Inc",
			"exposure": 2.6,
			"exposureChart": {
				"chartType": "bar",
				"data": {
					"params": { "horizontalBars": true, "high": 20 },
					"labels": [],
					"series": [[2.6]]
				}
			},
			"dailyReturn": "",
			"zScore": {
				"chartType": "bar",
				"data": {
					"params": { "horizontalBars": true, "stackBars": true, "low": -200, "high": 200 },
					"labels": [],
					"series": [
						[60],
						[50],
						[20]
					]
				}
			},
			"vsTarget": {
				"chartType": "bar",
				"data": {
					"params": { "horizontalBars": true, "stackBars": true, "low": -200, "high": 200 },
					"labels": [],
					"series": [
						[60],
						[60],
						[30]
					]
				}
			}
		},
		{
			"equity": "Unicredit Spa",
			"exposure": 2.3,
			"exposureChart": {
				"chartType": "bar",
				"data": {
					"params": { "horizontalBars": true, "high": 20 },
					"labels": [],
					"series": [[2.3]]
				}
			},
			"dailyReturn": "",
			"zScore": {
				"chartType": "bar",
				"data": {
					"params": { "horizontalBars": true, "stackBars": true, "low": -200, "high": 200 },
					"labels": [],
					"series": [
						[0],
						[0],
						[20]
					]
				}
			},
			"vsTarget": {
				"chartType": "bar",
				"data": {
					"params": { "horizontalBars": true, "stackBars": true, "low": -200, "high": 200 },
					"labels": [],
					"series": [
						[20],
						[60],
						[60]
					]
				}
			}
		},
		{
			"equity": "T-Mobile US Inc",
			"exposure": 2.6,
			"exposureChart": {
				"chartType": "bar",
				"data": {
					"params": { "horizontalBars": true, "high": 20 },
					"labels": [],
					"series": [[2.6]]
				}
			},
			"dailyReturn": "",
			"zScore": {
				"chartType": "bar",
				"data": {
					"params": { "horizontalBars": true, "stackBars": true, "low": -200, "high": 200 },
					"labels": [],
					"series": [
						[60],
						[50],
						[20]
					]
				}
			},
			"vsTarget": {
				"chartType": "bar",
				"data": {
					"params": { "horizontalBars": true, "stackBars": true, "low": -200, "high": 200 },
					"labels": [],
					"series": [
						[60],
						[60],
						[30]
					]
				}
			}
		},
		{
			"equity": "Unicredit Spa",
			"exposure": 2.3,
			"exposureChart": {
				"chartType": "bar",
				"data": {
					"params": { "horizontalBars": true, "high": 20 },
					"labels": [],
					"series": [[2.3]]
				}
			},
			"dailyReturn": "",
			"zScore": {
				"chartType": "bar",
				"data": {
					"params": { "horizontalBars": true, "stackBars": true, "low": -200, "high": 200 },
					"labels": [],
					"series": [
						[0],
						[0],
						[20]
					]
				}
			},
			"vsTarget": {
				"chartType": "bar",
				"data": {
					"params": { "horizontalBars": true, "stackBars": true, "low": -200, "high": 200 },
					"labels": [],
					"series": [
						[20],
						[60],
						[60]
					]
				}
			}
		},
		{
			"equity": "T-Mobile US Inc",
			"exposure": 2.6,
			"exposureChart": {
				"chartType": "bar",
				"data": {
					"params": { "horizontalBars": true, "high": 20 },
					"labels": [],
					"series": [[2.6]]
				}
			},
			"dailyReturn": "",
			"zScore": {
				"chartType": "bar",
				"data": {
					"params": { "horizontalBars": true, "stackBars": true, "low": -200, "high": 200 },
					"labels": [],
					"series": [
						[60],
						[50],
						[20]
					]
				}
			},
			"vsTarget": {
				"chartType": "bar",
				"data": {
					"params": { "horizontalBars": true, "stackBars": true, "low": -200, "high": 200 },
					"labels": [],
					"series": [
						[60],
						[60],
						[30]
					]
				}
			}
		},
		{
			"equity": "Unicredit Spa",
			"exposure": 2.3,
			"exposureChart": {
				"chartType": "bar",
				"data": {
					"params": { "horizontalBars": true, "high": 20 },
					"labels": [],
					"series": [[2.3]]
				}
			},
			"dailyReturn": "",
			"zScore": {
				"chartType": "bar",
				"data": {
					"params": { "horizontalBars": true, "stackBars": true, "low": -200, "high": 200 },
					"labels": [],
					"series": [
						[0],
						[0],
						[20]
					]
				}
			},
			"vsTarget": {
				"chartType": "bar",
				"data": {
					"params": { "horizontalBars": true, "stackBars": true, "low": -200, "high": 200 },
					"labels": [],
					"series": [
						[20],
						[60],
						[60]
					]
				}
			}
		},
		{
			"equity": "T-Mobile US Inc",
			"exposure": 2.6,
			"exposureChart": {
				"chartType": "bar",
				"data": {
					"params": { "horizontalBars": true, "high": 20 },
					"labels": [],
					"series": [[2.6]]
				}
			},
			"dailyReturn": "",
			"zScore": {
				"chartType": "bar",
				"data": {
					"params": { "horizontalBars": true, "stackBars": true, "low": -200, "high": 200 },
					"labels": [],
					"series": [
						[60],
						[50],
						[20]
					]
				}
			},
			"vsTarget": {
				"chartType": "bar",
				"data": {
					"params": { "horizontalBars": true, "stackBars": true, "low": -200, "high": 200 },
					"labels": [],
					"series": [
						[60],
						[60],
						[30]
					]
				}
			}
		},
		{
			"equity": "Unicredit Spa",
			"exposure": 2.3,
			"exposureChart": {
				"chartType": "bar",
				"data": {
					"params": { "horizontalBars": true, "high": 20 },
					"labels": [],
					"series": [[2.3]]
				}
			},
			"dailyReturn": "",
			"zScore": {
				"chartType": "bar",
				"data": {
					"params": { "horizontalBars": true, "stackBars": true, "low": -200, "high": 200 },
					"labels": [],
					"series": [
						[0],
						[0],
						[20]
					]
				}
			},
			"vsTarget": {
				"chartType": "bar",
				"data": {
					"params": { "horizontalBars": true, "stackBars": true, "low": -200, "high": 200 },
					"labels": [],
					"series": [
						[20],
						[60],
						[60]
					]
				}
			}
		},
		{
			"equity": "T-Mobile US Inc",
			"exposure": 2.6,
			"exposureChart": {
				"chartType": "bar",
				"data": {
					"params": { "horizontalBars": true, "high": 20 },
					"labels": [],
					"series": [[2.6]]
				}
			},
			"dailyReturn": "",
			"zScore": {
				"chartType": "bar",
				"data": {
					"params": { "horizontalBars": true, "stackBars": true, "low": -200, "high": 200 },
					"labels": [],
					"series": [
						[60],
						[50],
						[20]
					]
				}
			},
			"vsTarget": {
				"chartType": "bar",
				"data": {
					"params": { "horizontalBars": true, "stackBars": true, "low": -200, "high": 200 },
					"labels": [],
					"series": [
						[60],
						[60],
						[30]
					]
				}
			}
		},
		{
			"equity": "Unicredit Spa",
			"exposure": 2.3,
			"exposureChart": {
				"chartType": "bar",
				"data": {
					"params": { "horizontalBars": true, "high": 20 },
					"labels": [],
					"series": [[2.3]]
				}
			},
			"dailyReturn": "",
			"zScore": {
				"chartType": "bar",
				"data": {
					"params": { "horizontalBars": true, "stackBars": true, "low": -200, "high": 200 },
					"labels": [],
					"series": [
						[0],
						[0],
						[20]
					]
				}
			},
			"vsTarget": {
				"chartType": "bar",
				"data": {
					"params": { "horizontalBars": true, "stackBars": true, "low": -200, "high": 200 },
					"labels": [],
					"series": [
						[20],
						[60],
						[60]
					]
				}
			}
		},
		{
			"equity": "T-Mobile US Inc",
			"exposure": 2.6,
			"exposureChart": {
				"chartType": "bar",
				"data": {
					"params": { "horizontalBars": true, "high": 20 },
					"labels": [],
					"series": [[2.6]]
				}
			},
			"dailyReturn": "",
			"zScore": {
				"chartType": "bar",
				"data": {
					"params": { "horizontalBars": true, "stackBars": true, "low": -200, "high": 200 },
					"labels": [],
					"series": [
						[60],
						[50],
						[20]
					]
				}
			},
			"vsTarget": {
				"chartType": "bar",
				"data": {
					"params": { "horizontalBars": true, "stackBars": true, "low": -200, "high": 200 },
					"labels": [],
					"series": [
						[60],
						[60],
						[30]
					]
				}
			}
		},
		{
			"equity": "Unicredit Spa",
			"exposure": 2.3,
			"exposureChart": {
				"chartType": "bar",
				"data": {
					"params": { "horizontalBars": true, "high": 20 },
					"labels": [],
					"series": [[2.3]]
				}
			},
			"dailyReturn": "",
			"zScore": {
				"chartType": "bar",
				"data": {
					"params": { "horizontalBars": true, "stackBars": true, "low": -200, "high": 200 },
					"labels": [],
					"series": [
						[0],
						[0],
						[20]
					]
				}
			},
			"vsTarget": {
				"chartType": "bar",
				"data": {
					"params": { "horizontalBars": true, "stackBars": true, "low": -200, "high": 200 },
					"labels": [],
					"series": [
						[20],
						[60],
						[60]
					]
				}
			}
		},
		{
			"equity": "T-Mobile US Inc",
			"exposure": 2.6,
			"exposureChart": {
				"chartType": "bar",
				"data": {
					"params": { "horizontalBars": true, "high": 20 },
					"labels": [],
					"series": [[2.6]]
				}
			},
			"dailyReturn": "",
			"zScore": {
				"chartType": "bar",
				"data": {
					"params": { "horizontalBars": true, "stackBars": true, "low": -200, "high": 200 },
					"labels": [],
					"series": [
						[60],
						[50],
						[20]
					]
				}
			},
			"vsTarget": {
				"chartType": "bar",
				"data": {
					"params": { "horizontalBars": true, "stackBars": true, "low": -200, "high": 200 },
					"labels": [],
					"series": [
						[60],
						[60],
						[30]
					]
				}
			}
		},
		{
			"equity": "Unicredit Spa",
			"exposure": 2.3,
			"exposureChart": {
				"chartType": "bar",
				"data": {
					"params": { "horizontalBars": true, "high": 20 },
					"labels": [],
					"series": [[2.3]]
				}
			},
			"dailyReturn": "",
			"zScore": {
				"chartType": "bar",
				"data": {
					"params": { "horizontalBars": true, "stackBars": true, "low": -200, "high": 200 },
					"labels": [],
					"series": [
						[0],
						[0],
						[20]
					]
				}
			},
			"vsTarget": {
				"chartType": "bar",
				"data": {
					"params": { "horizontalBars": true, "stackBars": true, "low": -200, "high": 200 },
					"labels": [],
					"series": [
						[20],
						[60],
						[60]
					]
				}
			}
		},
		{
			"equity": "T-Mobile US Inc",
			"exposure": 2.6,
			"exposureChart": {
				"chartType": "bar",
				"data": {
					"params": { "horizontalBars": true, "high": 20 },
					"labels": [],
					"series": [[2.6]]
				}
			},
			"dailyReturn": "",
			"zScore": {
				"chartType": "bar",
				"data": {
					"params": { "horizontalBars": true, "stackBars": true, "low": -200, "high": 200 },
					"labels": [],
					"series": [
						[60],
						[50],
						[20]
					]
				}
			},
			"vsTarget": {
				"chartType": "bar",
				"data": {
					"params": { "horizontalBars": true, "stackBars": true, "low": -200, "high": 200 },
					"labels": [],
					"series": [
						[60],
						[60],
						[30]
					]
				}
			}
		},
		{
			"equity": "Unicredit Spa",
			"exposure": 2.3,
			"exposureChart": {
				"chartType": "bar",
				"data": {
					"params": { "horizontalBars": true, "high": 20 },
					"labels": [],
					"series": [[2.3]]
				}
			},
			"dailyReturn": "",
			"zScore": {
				"chartType": "bar",
				"data": {
					"params": { "horizontalBars": true, "stackBars": true, "low": -200, "high": 200 },
					"labels": [],
					"series": [
						[0],
						[0],
						[20]
					]
				}
			},
			"vsTarget": {
				"chartType": "bar",
				"data": {
					"params": { "horizontalBars": true, "stackBars": true, "low": -200, "high": 200 },
					"labels": [],
					"series": [
						[20],
						[60],
						[60]
					]
				}
			}
		}				
	]
}