{
	"headers": [
		"Sector",
		"Last 7 Days",
		"Exposure ($M's)",
		"",
		"Beta",
		""
	],
	"data": [
		{
			"sector": "Consumer",
            "last7Days": {
				"chartType": "line",
				"data": {
					"labels": ["2017-09-19", "2017-09-20", "2017-09-21", "2017-09-22", "2017-09-25", "2017-09-26", "2017-09-27"],
					"series": [[11605621437.435, 11040640863.3999, 11114420750.7193, 11787572733.6297, 11707700908.0368, 11688196823.0247, 11567162392.6492]]
				}
			},
			"exposure": "4,538",
			"exposureChart": {
				"chartType": "bar",
				"data": {
					"params": { "horizontalBars": true, "high": 5000 },
					"labels": [],
					"series": [[4538]]
				}
			},
			"beta": 1.34,
			"betaChart": {
				"chartType": "bar",
				"data": {
					"params": { "horizontalBars": true, "low": -1, "high": 2 },
					"labels": [],
					"series": [[0.34]]
				}
			}
		},
		{
			"sector": " ",
            "last7Days": {
				"chartType": "line",
				"data": {
					"labels": ["2017-09-19", "2017-09-20", "2017-09-21", "2017-09-22", "2017-09-25", "2017-09-26", "2017-09-27"],
					"series": [[0.837648097724422, 0.839601123000159, 0.838633279937872, 0.840629393424988, 0.836410500661055, 0.834054101349277, 0.837074923067058]]
				}
			},
			"exposure": "1,257",
			"exposureChart": {
				"chartType": "bar",
				"data": {
					"params": { "horizontalBars": true, "high": 5000 },
					"labels": [],
					"series": [[1257]]
				}
			},
			"beta": 0.80,
			"betaChart": {
				"chartType": "bar",
				"data": {
					"params": { "horizontalBars": true, "low": -1, "high": 2 },
					"labels": [],
					"series": [[-0.80]]
				}
			}
		},
		{
			"sector": "Healthcare",
            "last7Days": {
				"chartType": "line",
				"data": {
					"labels": ["2017-09-19", "2017-09-20", "2017-09-21", "2017-09-22", "2017-09-25", "2017-09-26", "2017-09-27"],
					"series": [[0.837648097724422, 0.839601123000159, 0.838633279937872, 0.840629393424988, 0.836410500661055, 0.834054101349277, 0.837074923067058]]
				}
			},
			"exposure": "3,566",
			"exposureChart": {
				"chartType": "bar",
				"data": {
					"params": { "horizontalBars": true, "high": 5000 },
					"labels": [],
					"series": [[3566]]
				}
			},
			"beta": 0.70,
			"betaChart": {
				"chartType": "bar",
				"data": {
					"params": { "horizontalBars": true, "low": -1, "high": 2 },
					"labels": [],
					"series": [[-0.70]]
				}
			}
		},
		{
			"sector": " ",
            "last7Days": {
				"chartType": "line",
				"data": {
					"labels": ["2017-09-19", "2017-09-20", "2017-09-21", "2017-09-22", "2017-09-25", "2017-09-26", "2017-09-27"],
					"series": [[11605621437.435, 11040640863.3999, 11114420750.7193, 11787572733.6297, 11707700908.0368, 11688196823.0247, 11567162392.6492]]
				}
			},
			"exposure": "530",
			"exposureChart": {
				"chartType": "bar",
				"data": {
					"params": { "horizontalBars": true, "high": 5000 },
					"labels": [],
					"series": [[530]]
				}
			},
			"beta": 1.41,
			"betaChart": {
				"chartType": "bar",
				"data": {
					"params": { "horizontalBars": true, "low": -1, "high": 2 },
					"labels": [],
					"series": [[0.41]]
				}
			}
		},
		{
			"sector": "TMT",
            "last7Days": {
				"chartType": "line",
				"data": {
					"labels": ["2017-09-19", "2017-09-20", "2017-09-21", "2017-09-22", "2017-09-25", "2017-09-26", "2017-09-27"],
					"series": [[-0.893480285973095, -0.894695054819918, -0.895175090821606, -0.882858365244858, -0.872400083538425, -0.873064908818039, -0.88106293187616]]
				}
			},
			"exposure": "3,408",
			"exposureChart": {
				"chartType": "bar",
				"data": {
					"params": { "horizontalBars": true, "high": 5000 },
					"labels": [],
					"series": [[3408]]
				}
			},
			"beta": 1.18,
			"betaChart": {
				"chartType": "bar",
				"data": {
					"params": { "horizontalBars": true, "low": -1, "high": 2 },
					"labels": [],
					"series": [[0.18]]
				}
			}
		},
		{
			"sector": " ",
            "last7Days": {
				"chartType": "line",
				"data": {
					"labels": ["2017-09-19", "2017-09-20", "2017-09-21", "2017-09-22", "2017-09-25", "2017-09-26", "2017-09-27"],
					"series": [[11605621437.435, 11040640863.3999, 11114420750.7193, 11787572733.6297, 11707700908.0368, 11688196823.0247, 11567162392.6492]]
				}
			},
			"exposure": "468",
			"exposureChart": {
				"chartType": "bar",
				"data": {
					"params": { "horizontalBars": true, "high": 5000 },
					"labels": [],
					"series": [[468]]
				}
			},
			"beta": 1.00,
			"betaChart": {
				"chartType": "bar",
				"data": {
					"params": { "horizontalBars": true, "low": -1, "high": 2 },
					"labels": [],
					"series": [[0]]
				}
			}
		},
		{
			"sector": "Financials",
            "last7Days": {
				"chartType": "line",
				"data": {
					"labels": ["2017-09-19", "2017-09-20", "2017-09-21", "2017-09-22", "2017-09-25", "2017-09-26", "2017-09-27"],
					"series": [[-0.893480285973095, -0.894695054819918, -0.895175090821606, -0.882858365244858, -0.872400083538425, -0.873064908818039, -0.88106293187616]]
				}
			},
			"exposure": "2,540",
			"exposureChart": {
				"chartType": "bar",
				"data": {
					"params": { "horizontalBars": true, "high": 5000 },
					"labels": [],
					"series": [[2540]]
				}
			},
			"beta": 1.42,
			"betaChart": {
				"chartType": "bar",
				"data": {
					"params": { "horizontalBars": true, "low": -1, "high": 2 },
					"labels": [],
					"series": [[0.42]]
				}
			}
		},
		{
			"sector": " ",
            "last7Days": {
				"chartType": "line",
				"data": {
					"labels": ["2017-09-19", "2017-09-20", "2017-09-21", "2017-09-22", "2017-09-25", "2017-09-26", "2017-09-27"],
					"series": [[11605621437.435, 11040640863.3999, 11114420750.7193, 11787572733.6297, 11707700908.0368, 11688196823.0247, 11567162392.6492]]
				}
			},
			"exposure": "407",
			"exposureChart": {
				"chartType": "bar",
				"data": {
					"params": { "horizontalBars": true, "high": 5000 },
					"labels": [],
					"series": [[407]]
				}
			},
			"beta": 0.42,
			"betaChart": {
				"chartType": "bar",
				"data": {
					"params": { "horizontalBars": true, "low": -1, "high": 2 },
					"labels": [],
					"series": [[-0.42]]
				}
			}
		},
		{
			"sector": "Materials",
            "last7Days": {
				"chartType": "line",
				"data": {
					"labels": ["2017-09-19", "2017-09-20", "2017-09-21", "2017-09-22", "2017-09-25", "2017-09-26", "2017-09-27"],
					"series": [[0.8655641918487584, 0.8671480889100385, 0.866904185379739, 0.861743879334923, 0.85440529209974, 0.853559505083658, 0.859068927471609]]
				}
			},
			"exposure": "2,017",
			"exposureChart": {
				"chartType": "bar",
				"data": {
					"params": { "horizontalBars": true, "high": 5000 },
					"labels": [],
					"series": [[2017]]
				}
			},
			"beta": 1.17,
			"betaChart": {
				"chartType": "bar",
				"data": {
					"params": { "horizontalBars": true, "low": -1, "high": 2 },
					"labels": [],
					"series": [[0.17]]
				}
			}
		},
		{
			"sector": " ",
            "last7Days": {
				"chartType": "line",
				"data": {
					"labels": ["2017-09-19", "2017-09-20", "2017-09-21", "2017-09-22", "2017-09-25", "2017-09-26", "2017-09-27"],
					"series": [[11605621437.435, 11040640863.3999, 11114420750.7193, 11787572733.6297, 11707700908.0368, 11688196823.0247, 11567162392.6492]]
				}
			},
			"exposure": "97",
			"exposureChart": {
				"chartType": "bar",
				"data": {
					"params": { "horizontalBars": true, "high": 5000 },
					"labels": [],
					"series": [[97]]
				}
			},
			"beta": 1.56,
			"betaChart": {
				"chartType": "bar",
				"data": {
					"params": { "horizontalBars": true, "low": -1, "high": 2 },
					"labels": [],
					"series": [[0.56]]
				}
			}
		},
		{
			"sector": "Industrials",
            "last7Days": {
				"chartType": "line",
				"data": {
					"labels": ["2017-09-19", "2017-09-20", "2017-09-21", "2017-09-22", "2017-09-25", "2017-09-26", "2017-09-27"],
					"series": [[-0.893480285973095, -0.894695054819918, -0.895175090821606, -0.882858365244858, -0.872400083538425, -0.873064908818039, -0.88106293187616]]
				}
			},
			"exposure": "1,949",
			"exposureChart": {
				"chartType": "bar",
				"data": {
					"params": { "horizontalBars": true, "high": 5000 },
					"labels": [],
					"series": [[1949]]
				}
			},
			"beta": 0.96,
			"betaChart": {
				"chartType": "bar",
				"data": {
					"params": { "horizontalBars": true, "low": -1, "high": 2 },
					"labels": [],
					"series": [[-0.96]]
				}
			}
		},
		{
			"sector": " ",
            "last7Days": {
				"chartType": "line",
				"data": {
					"labels": ["2017-09-19", "2017-09-20", "2017-09-21", "2017-09-22", "2017-09-25", "2017-09-26", "2017-09-27"],
					"series": [[11605621437.435, 11040640863.3999, 11114420750.7193, 11787572733.6297, 11707700908.0368, 11688196823.0247, 11567162392.6492]]
				}
			},
			"exposure": "398",
			"exposureChart": {
				"chartType": "bar",
				"data": {
					"params": { "horizontalBars": true, "high": 5000 },
					"labels": [],
					"series": [[398]]
				}
			},
			"beta": 1.15,
			"betaChart": {
				"chartType": "bar",
				"data": {
					"params": { "horizontalBars": true, "low": -1, "high": 2 },
					"labels": [],
					"series": [[0.15]]
				}
			}
		},
		{
			"sector": "Energy",
            "last7Days": {
				"chartType": "line",
				"data": {
					"labels": ["2017-09-19", "2017-09-20", "2017-09-21", "2017-09-22", "2017-09-25", "2017-09-26", "2017-09-27"],
					"series": [[0.8655641918487584, 0.8671480889100385, 0.866904185379739, 0.861743879334923, 0.85440529209974, 0.853559505083658, 0.859068927471609]]
				}
			},
			"exposure": "1,049",
			"exposureChart": {
				"chartType": "bar",
				"data": {
					"params": { "horizontalBars": true, "high": 5000 },
					"labels": [],
					"series": [[1049]]
				}
			},
			"beta": 2.23,
			"betaChart": {
				"chartType": "bar",
				"data": {
					"params": { "horizontalBars": true, "low": -1, "high": 2 },
					"labels": [],
					"series": [[1.23]]
				}
			}
		},
		{
			"sector": " ",
            "last7Days": {
				"chartType": "line",
				"data": {
					"labels": ["2017-09-19", "2017-09-20", "2017-09-21", "2017-09-22", "2017-09-25", "2017-09-26", "2017-09-27"],
					"series": [[-0.893480285973095, -0.894695054819918, -0.895175090821606, -0.882858365244858, -0.872400083538425, -0.873064908818039, -0.88106293187616]]
				}
			},
			"exposure": "398",
			"exposureChart": {
				"chartType": "bar",
				"data": {
					"params": { "horizontalBars": true, "high": 5000 },
					"labels": [],
					"series": [[398]]
				}
			},
			"beta": 1.27,
			"betaChart": {
				"chartType": "bar",
				"data": {
					"params": { "horizontalBars": true, "low": -1, "high": 2 },
					"labels": [],
					"series": [[0.27]]
				}
			}
		},
		{
			"sector": "Hedges",
            "last7Days": {
				"chartType": "line",
				"data": {
					"labels": ["2017-09-19", "2017-09-20", "2017-09-21", "2017-09-22", "2017-09-25", "2017-09-26", "2017-09-27"],
					"series": [[-0.893480285973095, -0.894695054819918, -0.895175090821606, -0.882858365244858, -0.872400083538425, -0.873064908818039, -0.88106293187616]]
				}
			},
			"exposure": "137",
			"exposureChart": {
				"chartType": "bar",
				"data": {
					"params": { "horizontalBars": true, "high": 5000 },
					"labels": [],
					"series": [[137]]
				}
			},
			"beta": 0.00,
			"betaChart": {
				"chartType": "bar",
				"data": {
					"params": { "horizontalBars": true, "low": -1, "high": 2 },
					"labels": [],
					"series": [[-1]]
				}
			}
		},
		{
			"sector": " ",
            "last7Days": {
				"chartType": "line",
				"data": {
					"labels": ["2017-09-19", "2017-09-20", "2017-09-21", "2017-09-22", "2017-09-25", "2017-09-26", "2017-09-27"],
					"series": [[0.8655641918487584, 0.8671480889100385, 0.866904185379739, 0.861743879334923, 0.85440529209974, 0.853559505083658, 0.859068927471609]]
				}
			},
			"exposure": "1,934",
			"exposureChart": {
				"chartType": "bar",
				"data": {
					"params": { "horizontalBars": true, "high": 5000 },
					"labels": [],
					"series": [[1934]]
				}
			},
			"beta": 0.00,
			"betaChart": {
				"chartType": "bar",
				"data": {
					"params": { "horizontalBars": true, "low": -1, "high": 2 },
					"labels": [],
					"series": [[-1]]
				}
			}
		}		
	]
}