{
	"headers": [
		"",
		"Last 7 Days",
		"",
		"Vs. Target"
	],
	"data": [
		{
			"metric": "Net $ Beta",
            "last7Days": {
				"chartType": "line",
				"data": {
					"labels": ["2017-09-19", "2017-09-20", "2017-09-21", "2017-09-22", "2017-09-25", "2017-09-26", "2017-09-27"],
					"series": [[11605621437.435, 11040640863.3999, 11114420750.7193, 11787572733.6297, 11707700908.0368, 11688196823.0247, 11567162392.6492]]
				}
			},
			"amount": "$11,473M",
			"vsTarget": {
				"chartType": "bar",
				"data": {
					"params": { "horizontalBars": true, "stackBars": true, "low": -200, "high": 200 },
					"labels": [],
					"series": [
						[0],
						[20],
						[20]
					]
				}
			}
		},
		{
			"metric": "Long factor",
            "last7Days": {
				"chartType": "line",
				"data": {
					"labels": ["2017-09-19", "2017-09-20", "2017-09-21", "2017-09-22", "2017-09-25", "2017-09-26", "2017-09-27"],
					"series": [[0.837648097724422, 0.839601123000159, 0.838633279937872, 0.840629393424988, 0.836410500661055, 0.834054101349277, 0.837074923067058]]
				}
			},
			"amount": "0.84",
			"vsTarget": {
				"chartType": "bar",
				"data": {
					"params": { "horizontalBars": true, "stackBars": true, "low": -200, "high": 200 },
					"labels": [],
					"series": [
						[0],
						[-30],
						[-20]
					]
				}
			}
		},
		{
			"metric": "Short factor",
            "last7Days": {
				"chartType": "line",
				"data": {
					"labels": ["2017-09-19", "2017-09-20", "2017-09-21", "2017-09-22", "2017-09-25", "2017-09-26", "2017-09-27"],
					"series": [[-0.893480285973095, -0.894695054819918, -0.895175090821606, -0.882858365244858, -0.872400083538425, -0.873064908818039, -0.88106293187616]]
				}
			},
			"amount": "0.92",
			"vsTarget": {
				"chartType": "bar",
				"data": {
					"params": { "horizontalBars": true, "stackBars": true, "low": -200, "high": 200 },
					"labels": [],
					"series": [
						[0],
						[0],
						[30]
					]
				}
			}
		},
		{
			"metric": "Net factor",
            "last7Days": {
				"chartType": "line",
				"data": {
					"labels": ["2017-09-19", "2017-09-20", "2017-09-21", "2017-09-22", "2017-09-25", "2017-09-26", "2017-09-27"],
					"series": [[0.8655641918487584, 0.8671480889100385, 0.866904185379739, 0.861743879334923, 0.85440529209974, 0.853559505083658, 0.859068927471609]]
				}
			},
			"amount": "0.88",
			"vsTarget": {
				"chartType": "bar",
				"data": {
					"params": { "horizontalBars": true, "stackBars": true, "low": -200, "high": 200 },
					"labels": [],
					"series": [
						[0],
						[0],
						[20]
					]
				}
			}
		}
	]
}