{
    "headers": ["", "Last 7 Days", "", "Target"],
    "data": [
        {
            "metric": "Current NAV",
            "last7Days": {
				"chartType": "line",
				"data": {
					"labels": ["2017-09-19", "2017-09-20", "2017-09-21", "2017-09-22", "2017-09-25", "2017-09-26", "2017-09-27"],
					"series": [[16808488615.7032, 16827634342.673958, 16807868340.3454, 16818999344.648523, 16707977043.984535, 16704613149.174353, 16697342058.99753]]
				}
			},
            "amount": "$16,257M",
            "target": ""
        },
        {
            "metric": "Long equity leverage",
            "last7Days": {
				"chartType": "line",
				"data": {
					"labels": ["2017-09-19", "2017-09-20", "2017-09-21", "2017-09-22", "2017-09-25", "2017-09-26", "2017-09-27"],
					"series": [[16808488615.7032, 16827634342.673958, 16807868340.3454, 16818999344.648523, 16707977043.984535, 16704613149.174353, 16697342058.99753]]
				}
			},
            "amount": "$16,799M",
            "target": "$18,696M"
        },
        {
            "metric": "L.E.L. vs. Target",
            "last7Days": {
				"chartType": "bar",
				"data": {
					"params": { "stackBars": true },
					"labels": ["2017-09-19", "2017-09-20", "2017-09-21", "2017-09-22", "2017-09-25", "2017-09-26", "2017-09-27"],
					"series": [
						[0, 0, 0, 0, 0, 0, 0], 
						[-1617399462.0756226, -1642448688.6565514, -1633878230.5762901, -1749199809.424202, -1798401609.130085, -1809816589.1601982, -1904342307.0693436]
					]
				}
			},
            "amount": "-$2,100M",
            "target": ""
        }                
    ]
}