{
	"headers": [
		"",
		"Published"
	],
	"data": [
		{
			"headline": {
				"text": "Lorem ipsum dolor sit amet, consectetuer adipiscing elit. Aenean commodo ligula eget dolor. Aenean massa.",
				"url": "https://www.yahoo.com/news/"
			},
			"published": { "value": "Aug 1 10:57" }
			
		},
		{
			"headline": {
				"text": "Lorem ipsum dolor sit amet, consectetuer adipiscing elit. Aenean commodo ligula eget dolor. Aenean massa.",
				"url": "https://www.yahoo.com/news/"
			},
			"published": { "value": "Aug 1 9:57" }
		},
		{
			"headline": {
				"text": "Lorem ipsum dolor sit amet, consectetuer adipiscing elit. Aenean commodo ligula eget dolor. Aenean massa.",
				"url": "https://www.yahoo.com/news/"
			},
			"published": { "value": "Aug 1 8:57" }
		},
		{
			"headline": {
				"text": "Lorem ipsum dolor sit amet, consectetuer adipiscing elit. Aenean commodo ligula eget dolor. Aenean massa.",
				"url": "https://www.yahoo.com/news/"
			},
			"published": { "value": "Aug 1 7:57" }
		},
		{
			"headline": {
				"text": "Lorem ipsum dolor sit amet, consectetuer adipiscing elit. Aenean commodo ligula eget dolor. Aenean massa.",
				"url": "https://www.yahoo.com/news/"
			},
			"published": { "value": "Aug 1 6:57" }
		},
		{
			"headline": {
				"text": "Lorem ipsum dolor sit amet, consectetuer adipiscing elit. Aenean commodo ligula eget dolor. Aenean massa.",
				"url": "https://www.yahoo.com/news/"
			},
			"published": { "value": "Aug 1 5:57" }
		},
		{
			"headline": {
				"text": "Lorem ipsum dolor sit amet, consectetuer adipiscing elit. Aenean commodo ligula eget dolor. Aenean massa.",
				"url": "https://www.yahoo.com/news/"
			},
			"published": { "value": "Aug 1 3:57" }
		},
		{
			"headline": {
				"text": "Lorem ipsum dolor sit amet, consectetuer adipiscing elit. Aenean commodo ligula eget dolor. Aenean massa.",
				"url": "https://www.yahoo.com/news/"
			},
			"published": { "value": "Aug 1 2:57" }
		},
		{
			"headline": {
				"text": "Lorem ipsum dolor sit amet, consectetuer adipiscing elit. Aenean commodo ligula eget dolor. Aenean massa.",
				"url": "https://www.yahoo.com/news/"
			},
			"published": { "value": "Aug 1 1:57" }
		},
		{
			"headline": {
				"text": "Lorem ipsum dolor sit amet, consectetuer adipiscing elit. Aenean commodo ligula eget dolor. Aenean massa.",
				"url": "https://www.yahoo.com/news/"
			},
			"published": { "value": "Aug 1 0:57" }
		},
		{
			"headline": {
				"text": "Lorem ipsum dolor sit amet, consectetuer adipiscing elit. Aenean commodo ligula eget dolor. Aenean massa.",
				"url": "https://www.yahoo.com/news/"
			},
			"published": { "value": "Aug 1 0:37" }
		},
		{
			"headline": {
				"text": "Lorem ipsum dolor sit amet, consectetuer adipiscing elit. Aenean commodo ligula eget dolor. Aenean massa.",
				"url": "https://www.yahoo.com/news/"
			},
			"published": { "value": "Nov 14 0:36" }
		},
		{
			"headline": {
				"text": "Lorem ipsum dolor sit amet, consectetuer adipiscing elit. Aenean commodo ligula eget dolor. Aenean massa.",
				"url": "https://www.yahoo.com/news/"
			},
			"published": { "value": "Nov 14 0:35" }
		},
		{
			"headline": {
				"text": "Lorem ipsum dolor sit amet, consectetuer adipiscing elit. Aenean commodo ligula eget dolor. Aenean massa.",
				"url": "https://www.yahoo.com/news/"
			},
			"published": { "value": "Aug 1 0:34" }
		},
		{
			"headline": {
				"text": "Lorem ipsum dolor sit amet, consectetuer adipiscing elit. Aenean commodo ligula eget dolor. Aenean massa.",
				"url": "https://www.yahoo.com/news/"
			},
			"published": { "value": "Aug 1 0:33" }
		},
		{
			"headline": {
				"text": "Lorem ipsum dolor sit amet, consectetuer adipiscing elit. Aenean commodo ligula eget dolor. Aenean massa.",
				"url": "https://www.yahoo.com/news/"
			},
			"published": { "value": "Aug 1 0:32" }
		},
		{
			"headline": {
				"text": "Lorem ipsum dolor sit amet, consectetuer adipiscing elit. Aenean commodo ligula eget dolor. Aenean massa.",
				"url": "https://www.yahoo.com/news/"
			},
			"published": { "value": "Aug 1 0:31" }
		},
		{
			"headline": {
				"text": "Lorem ipsum dolor sit amet, consectetuer adipiscing elit. Aenean commodo ligula eget dolor. Aenean massa.",
				"url": "https://www.yahoo.com/news/"
			},
			"published": { "value": "Aug 1 0:30" }
		}
	]
}